2025-01-05T11:47:24Z	502 Bad Gateway
2025-01-05T11:52:39Z	502 Bad Gateway
2025-01-05T11:52:49Z	502 Bad Gateway
2025-01-05T12:14:27Z	502 Bad Gateway
2025-01-05T12:26:02Z	502 Bad Gateway
2025-01-05T12:31:11Z	502 Bad Gateway
2025-01-05T12:31:18Z	502 Bad Gateway
2025-01-05T12:31:26Z	502 Bad Gateway
2025-01-05T12:42:45Z	502 Bad Gateway
2025-01-05T13:24:52Z	502 Bad Gateway
2025-01-07T01:36:12Z	502 Bad Gateway
2025-01-07T01:36:16Z	502 Bad Gateway
2025-01-07T04:48:23Z	502 Bad Gateway
2025-01-07T04:48:30Z	502 Bad Gateway
2025-01-07T04:48:36Z	502 Bad Gateway
2025-01-07T07:50:56Z	502 Bad Gateway
2025-01-07T07:51:04Z	502 Bad Gateway
2025-01-07T08:28:36Z	502 Bad Gateway
2025-01-07T09:37:29Z	502 Bad Gateway
2025-01-07T09:37:35Z	502 Bad Gateway
2025-01-07T09:37:39Z	502 Bad Gateway
2025-01-07T09:39:10Z	502 Bad Gateway
2025-01-07T09:39:58Z	502 Bad Gateway
2025-01-07T09:40:43Z	502 Bad Gateway
2025-01-07T10:57:53Z	502 Bad Gateway
2025-01-07T10:58:46Z	502 Bad Gateway
2025-01-07T11:05:12Z	502 Bad Gateway
2025-01-07T12:01:12Z	502 Bad Gateway
2025-01-07T12:01:30Z	502 Bad Gateway
2025-01-07T12:01:47Z	502 Bad Gateway
2025-01-07T12:02:44Z	502 Bad Gateway
2025-01-07T12:03:39Z	502 Bad Gateway
2025-01-07T12:04:07Z	502 Bad Gateway
2025-01-07T12:14:04Z	502 Bad Gateway
2025-01-07T12:14:28Z	502 Bad Gateway
2025-01-07T12:14:57Z	502 Bad Gateway
2025-01-07T12:16:01Z	503 Service Unavailable: Back-end server is at capacity
2025-01-07T12:16:18Z	503 Service Unavailable: Back-end server is at capacity
2025-01-07T12:30:08Z	502 Bad Gateway
2025-01-07T12:30:47Z	502 Bad Gateway
2025-01-07T12:31:07Z	502 Bad Gateway
2025-01-07T12:31:32Z	502 Bad Gateway
2025-01-07T12:32:00Z	502 Bad Gateway
2025-01-07T12:32:22Z	502 Bad Gateway
2025-01-07T12:32:50Z	502 Bad Gateway
2025-01-07T12:33:19Z	502 Bad Gateway
2025-01-07T12:33:34Z	502 Bad Gateway
2025-01-07T12:33:51Z	503 Service Unavailable: Back-end server is at capacity
2025-01-07T12:34:21Z	503 Service Unavailable: Back-end server is at capacity
2025-01-07T12:34:46Z	503 Service Unavailable: Back-end server is at capacity
2025-01-07T12:35:07Z	503 Service Unavailable: Back-end server is at capacity
2025-01-07T12:35:31Z	503 Service Unavailable: Back-end server is at capacity
2025-01-07T13:04:42Z	502 Bad Gateway
2025-01-07T13:05:05Z	502 Bad Gateway
2025-01-07T13:05:19Z	502 Bad Gateway
2025-01-07T13:05:46Z	502 Bad Gateway
2025-01-07T13:22:49Z	502 Bad Gateway
2025-01-07T13:23:11Z	502 Bad Gateway
2025-01-07T13:24:09Z	502 Bad Gateway
2025-01-07T13:24:38Z	502 Bad Gateway
2025-01-07T13:24:53Z	504 GATEWAY_TIMEOUT
2025-01-07T13:25:53Z	502 Bad Gateway
2025-01-07T13:26:14Z	503 Service Unavailable: Back-end server is at capacity
2025-01-07T13:27:15Z	503 Service Unavailable: Back-end server is at capacity
2025-01-07T13:27:42Z	503 Service Unavailable: Back-end server is at capacity
2025-01-07T13:28:10Z	503 Service Unavailable: Back-end server is at capacity
2025-01-07T14:03:26Z	502 Bad Gateway
2025-01-07T14:07:13Z	503 Service Unavailable: Back-end server is at capacity
2025-01-07T14:07:31Z	503 Service Unavailable: Back-end server is at capacity
2025-01-07T14:16:34Z	502 Bad Gateway
2025-01-07T14:17:12Z	502 Bad Gateway
2025-01-07T14:52:50Z	502 Bad Gateway
2025-01-07T14:54:04Z	502 Bad Gateway
2025-01-07T14:54:16Z	502 Bad Gateway
2025-01-07T14:54:44Z	502 Bad Gateway
2025-01-07T14:55:10Z	502 Bad Gateway
2025-01-07T14:55:27Z	502 Bad Gateway
2025-01-07T14:55:52Z	502 Bad Gateway
2025-01-07T14:56:48Z	503 Service Unavailable: Back-end server is at capacity
2025-01-07T14:57:13Z	503 Service Unavailable: Back-end server is at capacity
2025-01-07T14:57:38Z	503 Service Unavailable: Back-end server is at capacity
2025-01-07T18:01:37Z	502 Bad Gateway
2025-01-07T21:35:26Z	502 Bad Gateway
2025-01-09T23:25:07Z	502 Bad Gateway
2025-01-11T11:57:14Z	502 Bad Gateway
2025-01-11T11:58:13Z	502 Bad Gateway
2025-01-11T11:58:31Z	502 Bad Gateway
2025-01-11T11:58:54Z	502 Bad Gateway
2025-01-11T11:59:22Z	502 Bad Gateway
2025-01-11T11:59:52Z	502 Bad Gateway
2025-01-11T12:00:05Z	502 Bad Gateway
2025-01-11T12:00:45Z	504 GATEWAY_TIMEOUT
2025-01-11T12:01:46Z	503 Service Unavailable: Back-end server is at capacity
2025-01-11T12:02:08Z	503 Service Unavailable: Back-end server is at capacity
2025-01-11T12:02:59Z	502 Bad Gateway
2025-01-11T12:03:58Z	502 Bad Gateway
2025-01-11T12:04:21Z	502 Bad Gateway
2025-01-11T12:04:47Z	502 Bad Gateway
2025-01-11T12:05:10Z	502 Bad Gateway
2025-01-11T12:06:00Z	502 Bad Gateway
2025-01-11T12:06:26Z	503 Service Unavailable: Back-end server is at capacity
2025-01-11T12:06:51Z	503 Service Unavailable: Back-end server is at capacity
2025-01-11T12:07:19Z	503 Service Unavailable: Back-end server is at capacity
2025-01-11T12:07:46Z	503 Service Unavailable: Back-end server is at capacity
2025-01-11T12:08:10Z	503 Service Unavailable: Back-end server is at capacity
2025-01-11T13:07:32Z	504 GATEWAY_TIMEOUT
2025-01-11T13:09:18Z	502 Bad Gateway
2025-01-11T13:09:38Z	503 Service Unavailable: Back-end server is at capacity
2025-01-11T13:10:50Z	503 Service Unavailable: Back-end server is at capacity
2025-01-11T13:11:19Z	503 Service Unavailable: Back-end server is at capacity
2025-01-11T13:11:44Z	503 Service Unavailable: Back-end server is at capacity
2025-01-11T13:12:13Z	503 Service Unavailable: Back-end server is at capacity
2025-01-11T15:02:46Z	502 Bad Gateway
2025-01-11T15:03:31Z	502 Bad Gateway
2025-01-11T15:03:58Z	502 Bad Gateway
2025-01-11T15:05:12Z	502 Bad Gateway
2025-01-11T15:05:42Z	503 Service Unavailable: Back-end server is at capacity
2025-01-11T15:06:35Z	503 Service Unavailable: Back-end server is at capacity
2025-01-11T15:06:58Z	503 Service Unavailable: Back-end server is at capacity
2025-01-11T15:07:26Z	503 Service Unavailable: Back-end server is at capacity
2025-01-11T15:07:47Z	503 Service Unavailable: Back-end server is at capacity
2025-01-11T15:17:15Z	502 Bad Gateway
2025-01-11T15:18:07Z	502 Bad Gateway
2025-01-11T15:18:36Z	502 Bad Gateway
2025-01-11T15:19:04Z	502 Bad Gateway
2025-01-11T15:19:30Z	502 Bad Gateway
2025-01-11T15:19:57Z	502 Bad Gateway
2025-01-11T15:20:55Z	503 Service Unavailable: Back-end server is at capacity
2025-01-11T15:21:20Z	503 Service Unavailable: Back-end server is at capacity
2025-01-11T15:21:45Z	503 Service Unavailable: Back-end server is at capacity
2025-01-11T15:22:11Z	503 Service Unavailable: Back-end server is at capacity
2025-01-11T15:22:31Z	503 Service Unavailable: Back-end server is at capacity
2025-01-11T15:22:55Z	503 Service Unavailable: Back-end server is at capacity
2025-01-11T16:05:20Z	502 Bad Gateway
2025-01-11T16:05:48Z	502 Bad Gateway
2025-01-11T16:06:17Z	502 Bad Gateway
2025-01-11T16:06:36Z	502 Bad Gateway
2025-01-11T16:07:04Z	502 Bad Gateway
2025-01-11T16:07:31Z	502 Bad Gateway
2025-01-11T16:07:46Z	502 Bad Gateway
2025-01-11T16:08:07Z	502 Bad Gateway
2025-01-11T16:08:24Z	503 Service Unavailable: Back-end server is at capacity
2025-01-11T16:08:54Z	503 Service Unavailable: Back-end server is at capacity
2025-01-11T16:09:21Z	503 Service Unavailable: Back-end server is at capacity
2025-01-11T16:17:01Z	502 Bad Gateway
2025-01-11T16:17:47Z	502 Bad Gateway
2025-01-11T16:18:02Z	502 Bad Gateway
2025-01-11T16:18:29Z	502 Bad Gateway
2025-01-11T16:18:55Z	502 Bad Gateway
2025-01-11T16:19:21Z	502 Bad Gateway
2025-01-11T16:19:42Z	502 Bad Gateway
2025-01-11T16:20:08Z	502 Bad Gateway
2025-01-11T16:20:36Z	503 Service Unavailable: Back-end server is at capacity
2025-01-11T16:21:04Z	503 Service Unavailable: Back-end server is at capacity
2025-01-11T16:21:27Z	503 Service Unavailable: Back-end server is at capacity
2025-01-11T16:21:52Z	503 Service Unavailable: Back-end server is at capacity
2025-01-11T16:22:12Z	503 Service Unavailable: Back-end server is at capacity
2025-01-11T20:18:02Z	504 GATEWAY_TIMEOUT
2025-01-11T20:19:53Z	502 Bad Gateway
2025-01-11T20:20:16Z	502 Bad Gateway
2025-01-11T20:20:37Z	502 Bad Gateway
2025-01-11T20:21:05Z	502 Bad Gateway
2025-01-11T20:21:32Z	503 Service Unavailable: Back-end server is at capacity
2025-01-11T20:22:00Z	503 Service Unavailable: Back-end server is at capacity
2025-01-11T20:22:28Z	503 Service Unavailable: Back-end server is at capacity
2025-01-11T20:22:56Z	503 Service Unavailable: Back-end server is at capacity
2025-01-11T20:24:40Z	502 Bad Gateway
2025-01-11T20:25:30Z	502 Bad Gateway
2025-01-11T20:25:45Z	502 Bad Gateway
2025-01-11T20:25:57Z	504 GATEWAY_TIMEOUT
2025-01-11T20:27:24Z	503 Service Unavailable: Back-end server is at capacity
2025-01-11T20:28:06Z	503 Service Unavailable: Back-end server is at capacity
2025-01-11T20:28:36Z	503 Service Unavailable: Back-end server is at capacity
2025-01-11T20:29:03Z	503 Service Unavailable: Back-end server is at capacity
2025-01-11T23:19:30Z	502 Bad Gateway
2025-01-11T23:20:07Z	502 Bad Gateway
2025-01-11T23:20:34Z	502 Bad Gateway
2025-01-11T23:21:01Z	504 GATEWAY_TIMEOUT
2025-01-11T23:22:02Z	502 Bad Gateway
2025-01-11T23:22:30Z	502 Bad Gateway
2025-01-11T23:22:59Z	503 Service Unavailable: Back-end server is at capacity
2025-01-11T23:23:39Z	503 Service Unavailable: Back-end server is at capacity
2025-01-11T23:24:04Z	503 Service Unavailable: Back-end server is at capacity
2025-01-11T23:24:27Z	503 Service Unavailable: Back-end server is at capacity
2025-01-11T23:24:54Z	503 Service Unavailable: Back-end server is at capacity
2025-01-11T23:25:11Z	503 Service Unavailable: Back-end server is at capacity
2025-01-11T23:26:07Z	502 Bad Gateway
2025-01-11T23:26:42Z	504 GATEWAY_TIMEOUT
2025-01-11T23:27:42Z	502 Bad Gateway
2025-01-11T23:28:08Z	502 Bad Gateway
2025-01-11T23:29:28Z	503 Service Unavailable: Back-end server is at capacity
2025-01-11T23:30:15Z	503 Service Unavailable: Back-end server is at capacity
2025-01-11T23:30:42Z	503 Service Unavailable: Back-end server is at capacity
2025-01-11T23:31:01Z	503 Service Unavailable: Back-end server is at capacity
